Date,AAPL,AEP,AMZN,AEE,AJG,CFG,CHD,CMA,CNC,FDX,HOG,IPG
2019-04-29,201.4212188720703,80.82894897460938,1938.4300537109373,69.57546997070311,81.4212875366211,34.397727966308594,72.63492584228516,75.13142395019531,52.2599983215332,183.47056579589844,35.88059616088867,22.46503257751465
2019-04-30,197.5426177978516,82.28125762939453,1926.52001953125,70.95020294189453,82.07894134521484,34.52170562744141,73.77676391601562,74.94070434570312,51.56000137329102,186.252685546875,35.58429718017578,21.98705291748047
2019-05-01,207.23912048339844,81.70417022705078,1911.52001953125,70.43345642089844,80.80290222167969,34.226078033447266,72.4872817993164,73.41500091552734,49.72999954223633,182.4776763916016,34.88656616210937,22.06352996826172
2019-05-02,205.8904571533203,81.46372985839844,1900.8199462890625,70.53096008300781,81.36238861083984,34.569385528564446,73.49131774902344,74.55928802490234,51.61999893188477,183.87364196777344,35.43136978149414,21.86277961730957
2019-05-03,208.449951171875,82.16584014892578,1962.4599609375,71.12570190429688,81.59796905517578,35.093883514404304,73.17632293701172,74.51160430908203,52.59000015258789,184.8763732910156,35.56517791748047,22.07308959960937
2019-05-06,205.2309112548828,81.5887680053711,1950.550048828125,70.93070983886719,82.0200424194336,34.89361953735352,72.6939926147461,74.29228210449219,56.040000915527344,182.45802307128903,35.020374298095696,22.264280319213867
2019-05-07,199.6985015869141,81.39639282226562,1921.0,70.8819580078125,80.74400329589844,34.235610961914055,71.73917388916016,72.93822479248047,55.849998474121094,177.60165405273438,34.69540405273437,21.77674102783203
2019-05-08,199.73785400390625,80.53079223632812,1917.77001953125,69.57546997070311,81.16608428955078,34.01627349853516,72.03447723388672,72.34701538085938,56.61999893188477,176.39247131347656,34.618946075439446,22.273839950561523
2019-05-09,197.5918273925781,80.34658813476562,1899.8699951171875,70.10196685791016,80.7047348022461,34.15932464599609,71.51277923583984,72.6807632446289,54.7400016784668,176.52027893066406,34.360877990722656,21.92969512939453
2019-05-10,194.85450744628903,82.08207702636719,1889.97998046875,71.45720672607422,81.93170166015625,34.37865829467773,72.35931396484375,73.15753936767578,55.04999923706055,174.98667907714844,34.31309127807617,22.06352996826172
2019-05-13,183.52967834472656,83.71090698242188,1822.6800537109373,72.73445129394531,80.43970489501953,32.91958999633789,72.75305938720703,70.01077270507811,54.9000015258789,169.3831787109375,32.49707794189453,21.365678787231445
2019-05-14,186.43499755859372,82.95466613769531,1840.1199951171875,72.0031967163086,80.95994567871094,33.291507720947266,71.55584716796875,71.14551544189453,54.7400016784668,168.9506072998047,33.204360961914055,21.40391731262207
2019-05-15,188.6683349609375,82.46019744873047,1871.1500244140625,71.87645721435547,81.18570709228516,32.62396240234375,72.68147277832031,69.54353332519531,54.43000030517578,169.61911010742188,33.414634704589844,21.585548400878906
2019-05-16,187.8382568359375,82.79954528808594,1907.5699462890625,72.3834457397461,82.24579620361328,33.14846420288086,73.16529083251953,70.649658203125,55.56999969482422,172.79443359375,33.548450469970696,21.48039436340332
2019-05-17,186.77099609375,83.23583984375,1869.0,72.84169006347656,81.81391906738281,33.14846420288086,72.94805908203125,70.09659576416016,56.040000915527344,167.04345703125,33.03232192993164,21.537752151489254
2019-05-20,180.9306945800781,83.96299743652344,1858.969970703125,72.82218933105469,81.75502014160156,33.23429107666016,73.03693389892578,70.26824951171875,55.5099983215332,165.36239624023438,33.271270751953125,21.241403579711914
2019-05-21,184.39930725097656,83.97270202636719,1857.52001953125,72.43219757080078,82.30469512939453,33.63481903076172,73.06653594970703,71.04063415527344,57.13999938964844,165.14614868164062,34.08369827270508,21.633346557617188
2019-05-22,180.62432861328125,84.63199615478516,1859.6800537109373,72.99768829345703,83.22737884521484,33.26290512084961,73.20477294921875,70.04891204833984,56.77999877929688,159.25755310058594,33.62491607666016,21.614227294921875
2019-05-23,177.5411376953125,85.49488830566406,1815.47998046875,73.81668853759766,82.59916687011719,32.44277572631836,74.23167419433594,68.32296752929689,55.41999816894531,157.87139892578125,32.74558258056641,21.27008438110352
2019-05-24,176.85928344726562,85.6015396118164,1823.280029296875,73.49494171142578,82.72677612304688,32.843299865722656,73.76758575439453,69.05721282958984,56.86999893188477,157.22256469726562,32.974971771240234,21.12668800354004
2019-05-28,176.1280059814453,84.03087615966797,1836.4300537109373,72.4614486694336,82.36360168457031,32.19482421875,72.16801452636719,68.07503509521484,56.09000015258789,155.7676239013672,32.41105270385742,21.002412796020508
2019-05-29,175.28802490234375,83.0807113647461,1819.18994140625,71.35971069335938,82.49120330810547,32.37601852416992,72.44449615478516,68.27529144287111,56.22999954223633,156.86868286132812,32.15493392944336,20.74430656433105
2019-05-30,176.1971893310547,82.70259094238281,1816.3199462890625,71.09645080566406,82.92308807373047,31.965951919555664,73.92557525634766,67.56964874267578,57.0,155.3350830078125,32.290245056152344,20.60091209411621
2019-05-31,173.00527954101562,83.49761199951172,1775.0699462890625,71.50595092773438,82.64824676513672,31.069538116455078,73.47137451171875,65.62437438964844,57.75,151.66822814941406,31.623371124267575,20.50909423828125
2019-06-03,171.25613403320312,84.70955657958984,1692.68994140625,72.61744689941406,84.00281524658203,31.56542587280273,75.0116958618164,66.62562561035156,51.81999969482422,149.7610626220703,32.386890411376946,20.75071907043457
2019-06-04,177.52137756347656,84.39929962158203,1729.56005859375,72.58818817138672,84.28746795654297,32.93866729736328,74.16254425048828,68.70439910888672,53.93999862670898,156.88832092285156,33.09242630004883,20.915023803710934
2019-06-05,180.38714599609372,86.64865112304688,1738.5,74.23593139648438,86.14264678955078,32.71932983398437,76.04844665527344,67.91293334960939,53.86999893188477,155.9052734375,33.218063354492195,20.96334648132324
2019-06-06,183.0355682373047,87.25946807861328,1754.3599853515625,74.61617279052734,86.12291717529297,32.81469345092773,76.83836364746094,67.91293334960939,53.88999938964844,154.19473266601562,33.179412841796875,21.12765312194824
2019-06-07,187.90740966796875,86.81348419189453,1804.030029296875,73.98242950439453,86.59638977050781,32.290191650390625,76.99635314941406,66.88308715820311,54.209999084472656,155.34490966796875,33.48868560791016,21.214637756347656
2019-06-10,190.3087615966797,86.30931091308594,1860.6300048828125,74.02143096923828,86.6259765625,32.862377166748054,76.31504821777344,66.90215301513672,54.97000122070313,159.10025024414062,33.884937286376946,20.605743408203125
2019-06-11,192.512451171875,85.63062286376953,1863.699951171875,73.51615142822266,86.2610092163086,33.22475814819336,75.72261810302734,67.80804443359375,54.15999984741211,156.74085998535156,33.91393280029297,20.895694732666016
2019-06-12,191.8997802734375,86.66803741455078,1855.3199462890625,74.80143737792969,86.51747131347656,33.138927459716804,75.82135772705078,66.73050689697266,53.68999862670898,158.63818359375,33.39203643798828,21.137319564819336
2019-06-13,191.8602294921875,86.86195373535156,1870.300048828125,74.77200317382812,85.93550109863281,33.26290512084961,75.9694595336914,66.81716156005861,53.7400016784668,162.8654022216797,33.730300903320305,21.52391624450684
2019-06-14,190.4668731689453,87.82180786132812,1869.6700439453125,75.26255798339844,86.50760650634766,33.348731994628906,76.18669128417969,67.59701538085939,53.54999923706055,161.7643585205078,33.479015350341804,21.330617904663086
2019-06-17,191.6033172607422,87.3370361328125,1886.030029296875,74.7621841430664,85.11678314208984,32.78607940673828,76.35454559326172,66.62461090087889,55.0099983215332,160.94842529296875,33.40170288085937,21.233966827392575
2019-06-18,196.10952758789062,87.0461654663086,1901.3699951171875,74.98784637451172,84.87017822265625,33.65389633178711,75.36715698242188,67.88585662841797,55.2599983215332,163.52406311035156,33.80762481689453,21.4755916595459
2019-06-19,195.536376953125,88.09327697753906,1908.7900390625,75.44898223876953,85.6099853515625,33.062637329101555,75.22891998291016,66.66311645507811,55.459999084472656,163.74032592773438,33.73997116088867,21.697885513305664
2019-06-20,197.1076202392578,88.10298156738281,1918.18994140625,75.90029907226562,86.3103256225586,33.33919143676758,75.39678192138672,67.41408538818361,55.38000106811523,165.6475067138672,34.8031005859375,21.72688102722168
2019-06-21,196.4356231689453,88.76227569580078,1911.300048828125,75.98860168457031,85.3633804321289,33.177078247070305,74.98208618164062,67.44297790527344,56.36999893188477,163.1802978515625,35.411983489990234,21.697885513305664
2019-06-24,196.2379913330078,88.13206481933594,1913.9000244140625,75.44898223876953,85.79740905761719,32.862377166748054,75.1598129272461,66.90380859375,55.33000183105469,158.7886962890625,34.116897583007805,21.842863082885746
2019-06-25,193.2635040283203,87.61820220947266,1878.27001953125,75.13502502441406,85.02799987792969,32.747940063476555,74.32052612304688,67.29855346679689,53.90999984741211,153.93325805664062,34.010581970214844,21.620567321777344
2019-06-26,197.4436187744141,85.80514526367188,1897.8299560546875,73.3199234008789,83.4793472290039,32.79561996459961,71.80269622802734,67.83770751953125,52.02000045776367,157.82156372070312,34.48415756225586,21.407936096191406
2019-06-27,197.3843231201172,85.2234115600586,1904.280029296875,73.24143981933594,84.77153778076172,33.15800094604492,72.21739196777344,68.71385192871094,52.43999862670898,161.1670684814453,34.397178649902344,21.320951461791992
2019-06-28,195.5857696533203,85.33007049560547,1893.6300048828125,73.69275665283203,86.39910125732422,33.72064971923828,72.13839721679688,69.93658447265625,52.43999862670898,162.0355224609375,34.629135131835945,21.83319664001465
2019-07-01,199.1729888916016,85.4464111328125,1922.18994140625,73.7908706665039,88.22395324707031,33.94951629638672,72.62222290039062,70.29280853271484,51.349998474121094,160.83154296875,34.48415756225586,21.77520751953125
2019-07-02,200.33905029296875,86.47413635253906,1934.31005859375,74.46784973144531,89.10186004638672,33.396411895751946,72.92831420898438,67.96287536621094,51.540000915527344,157.69325256347656,33.99125289916992,22.422761917114254
2019-07-03,201.99923706054688,87.39520263671875,1939.0,75.0761489868164,90.15730285644531,33.86368942260742,74.09342956542969,69.06045532226561,51.349998474121094,159.3018798828125,35.04471969604492,22.38409996032715
2019-07-05,201.82135009765625,87.10433959960938,1942.9100341796875,75.0074691772461,89.35831451416016,34.226078033447266,73.39238739013672,70.26393127441406,51.47999954223633,159.8446502685547,34.812767028808594,22.577402114868164
2019-07-08,197.6610107421875,87.19159698486328,1952.3199462890625,75.027099609375,89.14131164550781,33.94951629638672,73.13566589355469,69.20486450195311,51.2599983215332,158.70974731445312,34.55181884765625,22.53874015808105
2019-07-09,198.86663818359372,87.60850524902344,1988.300048828125,75.1644515991211,89.52600860595703,34.321441650390625,72.76045989990234,69.94620513916016,50.45000076293945,157.10113525390625,34.26186752319336,22.374435424804688
2019-07-10,200.83316040039062,88.0447998046875,2017.4100341796875,75.20369720458984,89.62464141845703,33.36780548095703,73.431884765625,68.81975555419922,51.209999084472656,157.89064025878906,34.44550323486328,22.500080108642575
2019-07-11,199.37062072753903,88.16114807128906,2001.0699462890625,75.2331314086914,90.1375732421875,33.911376953125,74.15267944335938,69.84993743896484,53.22000122070313,160.4663848876953,34.89008331298828,22.451753616333008
2019-07-12,200.90234375,87.5018539428711,2011.0,74.72294616699219,90.58145141601562,34.092567443847656,74.34027862548828,70.12913513183594,54.5099983215332,165.27247619628906,35.40232849121094,22.97366523742676
2019-07-15,202.7898101806641,88.41323852539062,2020.989990234375,74.85049438476562,90.96615600585938,33.45363235473633,74.33039855957031,68.72347259521484,54.06000137329102,165.69683837890625,35.170364379882805,22.91567420959473
2019-07-16,202.0881805419922,87.75394439697266,2009.9000244140625,74.7916259765625,90.9365692138672,33.320117950439446,74.3995132446289,69.07970428466797,53.7400016784668,167.56204223632812,35.37332534790039,22.896345138549805
2019-07-17,200.9517364501953,88.24840545654297,1992.030029296875,75.29199981689453,90.6998291015625,32.75747299194336,74.4587631225586,66.61498260498047,53.22999954223633,162.8842315673828,34.658130645751946,22.316448211669922
2019-07-18,203.2344970703125,88.96588897705078,1977.9000244140625,75.70407104492188,90.79846954345705,33.01495361328125,75.66337585449219,66.7593994140625,53.16999816894531,163.20993041992188,34.54215240478516,22.065156936645508
2019-07-19,200.20069885253903,87.53094482421875,1964.52001953125,74.54634094238281,90.56173706054688,35.12249755859375,74.56736755371094,68.03989410400389,52.65999984741211,164.93695068359375,33.68198013305664,22.03615951538086
2019-07-22,204.77610778808597,87.37581634521484,1985.6300048828125,74.8406753540039,90.00934600830078,34.884090423583984,74.40939331054688,67.72216796875,52.18999862670898,167.3251953125,33.13108062744141,22.01683235168457
2019-07-23,206.3769836425781,86.78439331054688,1994.489990234375,74.7916259765625,90.6998291015625,35.43719482421875,74.0539321899414,68.59831237792969,52.56000137329102,171.4898223876953,35.257347106933594,21.68822288513184
2019-07-24,206.2090148925781,86.88134765625,2000.81005859375,74.98784637451172,91.11412048339844,35.87587356567383,73.07642364501953,69.67662811279297,53.72999954223633,173.70040893554688,34.49382781982422,22.00716590881348
2019-07-25,204.57847595214844,86.36747741699219,1973.8199462890625,74.81124114990234,90.60118103027344,35.303688049316406,73.5405044555664,69.11821746826172,52.13000106811523,173.562255859375,34.37784957885742,22.24879264831543
2019-07-26,205.28997802734372,86.24143981933594,1943.050048828125,75.14482879638672,91.0746612548828,35.93308639526367,74.88333129882812,70.35057830810547,53.41999816894531,172.64447021484375,34.696788787841804,22.297115325927734
2019-07-29,207.2070770263672,87.00738525390625,1912.449951171875,75.3999252319336,90.7491455078125,35.790042877197266,75.1598129272461,69.40705108642578,53.84000015258789,170.33518981933594,34.38751220703125,22.374435424804688
2019-07-30,206.31768798828125,86.01844024658203,1898.530029296875,74.77200317382812,90.56173706054688,36.24259948730469,75.66337585449219,70.50462341308594,53.79999923706055,170.12791442871094,34.020252227783196,22.181137084960934
2019-07-31,210.5274658203125,85.13616180419922,1866.780029296875,74.26181030273438,89.20049285888672,35.87670135498047,74.4883804321289,70.47573852539062,52.09000015258789,168.29232788085938,34.58080673217773,22.152141571044922
2019-08-01,205.9718170166016,86.10570526123047,1855.3199462890625,75.19389343261719,88.74674987792969,34.355361938476555,73.39238739013672,65.864013671875,51.349998474121094,161.1670684814453,33.672317504882805,21.504587173461914
2019-08-02,201.6138458251953,85.99905395507812,1823.239990234375,74.31085968017578,88.8552474975586,34.19166946411133,73.38251495361328,65.36335754394531,50.97000122070313,161.58154296875,33.83661651611328,21.040668487548828
2019-08-05,191.05978393554688,85.33975982666016,1765.1300048828125,73.63389587402344,85.27460479736328,33.33471298217773,73.20477294921875,62.032127380371094,48.52000045776367,155.1964569091797,32.18392944335937,20.45110321044922
2019-08-06,194.67662048339844,86.4256591796875,1787.8299560546875,73.5848388671875,87.35591888427734,33.48877716064453,73.71822357177734,62.70607376098633,48.95000076293945,159.07489013671875,32.28057861328125,20.576749801635746
2019-08-07,196.69256591796875,87.00738525390625,1793.4000244140625,73.8006820678711,87.12904357910156,31.99631690979004,74.92283630371094,60.36651611328125,48.959999084472656,158.55184936523438,32.24192047119141,20.364118576049805
2019-08-08,201.0307922363281,87.43720245361328,1832.8900146484373,74.87992095947266,88.97362518310547,32.25629425048828,76.22618865966797,60.867164611816406,49.45000076293945,162.0749969482422,33.198741912841804,20.75071907043457
2019-08-09,199.3742218017578,87.88654327392578,1807.5799560546875,75.24295043945312,89.19062805175781,32.073348999023445,75.72261810302734,60.29911804199219,48.70000076293945,160.0025634765625,32.70582962036133,20.489765167236328
2019-08-12,198.86831665039062,88.33589172363281,1784.9200439453125,75.19389343261719,87.52361297607422,31.466739654541016,76.03857421875,58.922340393066406,47.959999084472656,156.72610473632812,32.03895950317383,20.238475799560547
2019-08-13,207.2900848388672,88.16006469726562,1824.3399658203125,75.06633758544922,88.79607391357422,31.900033950805664,77.44066619873047,59.5770378112793,49.72999954223633,158.41368103027344,32.65750503540039,20.112829208374023
2019-08-14,201.1200714111328,86.4310531616211,1762.9599609375,73.83011627197266,86.72462463378906,30.542377471923828,76.91334533691406,57.54555892944336,47.77999877929688,153.02532958984375,30.78252601623535,19.213985443115234
2019-08-15,200.1181945800781,88.26751708984375,1776.1199951171875,74.37954711914062,87.29673767089844,30.253517150878906,78.22048950195312,57.064170837402344,47.56000137329102,150.81472778320312,30.28961944580078,18.91437339782715
2019-08-16,204.8399200439453,88.1405258178711,1792.5699462890625,75.19389343261719,88.50015258789062,31.197134017944336,78.92357635498047,59.04750061035156,48.0099983215332,153.95298767089844,31.17878532409668,19.42661666870117
2019-08-19,208.6589813232422,88.45311737060547,1816.1199951171875,75.51766204833984,89.30899810791016,31.72671127319336,78.9136734008789,59.75996017456055,47.43999862670898,156.23268127441406,31.468730926513672,19.79388427734375
2019-08-20,208.6688995361328,88.66801452636719,1801.3800048828125,75.21350860595703,88.34232330322266,31.100845336914066,77.47779846191406,58.623878479003906,46.540000915527344,153.7950897216797,30.81151962280273,19.6585750579834
2019-08-21,210.9305725097656,89.23458862304688,1823.5400390625,75.4686050415039,89.2300796508789,31.389707565307614,78.12146759033203,59.24005508422852,46.93000030517578,156.10438537597656,30.99515151977539,19.880868911743164
2019-08-22,210.7520294189453,88.86338806152344,1804.6600341796875,75.37049102783203,89.63451385498047,31.55339813232422,78.54727172851562,59.268943786621094,45.54999923706055,156.0254364013672,30.89850616455078,19.687572479248047
2019-08-23,201.01097106933597,87.50558471679688,1749.6199951171875,73.90860748291016,86.81340026855469,30.59052085876465,77.73526763916016,57.40113830566406,44.72000122070313,149.9758758544922,29.690399169921875,19.194656372070312
2019-08-26,204.8300018310547,88.72663116455078,1768.8699951171875,74.41879272460938,87.188232421875,31.01418495178223,78.37893676757812,57.59369659423828,45.27000045776367,150.4890594482422,29.85470199584961,19.30097007751465
2019-08-27,202.51873779296875,88.5703353881836,1761.8299560546875,74.32067108154297,86.84298706054688,30.7060661315918,78.9433822631836,56.61166000366211,45.02999877929688,147.56788635253906,29.3714599609375,19.23331642150879
2019-08-28,203.8777313232422,87.55441284179688,1764.25,74.32067108154297,86.70489501953125,31.64005279541016,79.4979248046875,57.83439636230469,45.31999969482422,151.16998291015625,29.777379989624023,19.242982864379886
2019-08-29,207.32974243164062,88.61917877197266,1786.4000244140625,75.69426727294922,87.57292175292969,32.246665954589844,79.15133666992188,59.24005508422852,46.31999969482422,155.3839569091797,30.35727310180664,19.329967498779297
2019-08-30,207.0619201660156,89.03921508789062,1776.2900390625,75.69426727294922,89.47667694091797,32.487388610839844,79.00279998779297,59.3555908203125,46.61999893188477,156.5287322998047,30.830848693847656,19.442434310913086
2019-09-03,204.0463409423828,90.6314697265625,1789.8399658203125,77.00897979736328,88.44097137451172,31.66894149780273,79.09192657470703,57.69960403442383,46.13999938964844,153.33126831054688,29.990009307861328,19.491334915161133
2019-09-04,207.50831604003903,90.89522552490234,1800.6199951171875,77.00897979736328,88.79607391357422,32.015575408935554,79.40880584716797,58.27727127075195,45.61000061035156,156.97283935546875,30.42492866516113,19.69671058654785
2019-09-05,211.5654144287109,89.41041564941406,1840.719970703125,75.6844482421875,88.93482971191406,32.930309295654304,76.74501037597656,60.05842208862305,46.13999938964844,162.22303771972656,31.488059997558594,19.990108489990234
2019-09-06,211.5455780029297,88.98060607910156,1833.510009765625,74.75238037109375,89.69800567626953,32.87253189086914,75.16059875488281,59.31708145141602,45.88999938964844,160.38014221191406,31.45906639099121,20.273725509643555
2019-09-09,212.4482727050781,89.2638931274414,1831.3499755859373,73.76143646240234,89.07359313964844,34.393875122070305,72.92261505126953,60.8575325012207,46.22999954223633,165.87905883789062,33.24706268310547,20.606243133544922
2019-09-10,214.9579162597656,88.98060607910156,1820.550048828125,73.2726821899414,87.29945373535156,34.93308639526367,70.88268280029297,61.68552780151367,47.31000137329102,170.6745147705078,34.20387649536133,21.15391540527344
2019-09-11,221.79254150390625,89.56671142578125,1822.989990234375,73.82561492919922,87.17060089111328,34.86568832397461,71.16986083984375,63.32225799560547,46.77999877929688,172.35887145996094,34.503494262695305,20.811620712280273
2019-09-12,221.2965545654297,89.8890609741211,1843.550048828125,75.53376007080078,87.0318374633789,35.019744873046875,71.9422607421875,62.99154663085938,44.88999938964844,171.9130096435547,34.841758728027344,20.645360946655273
2019-09-13,216.991455078125,89.4201889038086,1839.3399658203125,75.63249969482422,86.2092056274414,35.462669372558594,71.2787857055664,63.8086051940918,45.4000015258789,172.49758911132812,35.43131637573242,20.723602294921875
2019-09-16,218.1322021484375,89.58625030517578,1807.8399658203125,76.19529724121094,86.7840576171875,35.58784103393555,71.67488861083984,64.68402862548828,46.11999893188477,171.97247314453125,35.28972625732422,20.938756942749023
2019-09-17,218.92578125,90.58263397216795,1822.550048828125,76.56062316894531,88.84562683105469,35.048633575439446,72.0412826538086,63.69188690185547,45.54999923706055,171.7049560546875,34.09843063354492,20.811620712280273
2019-09-18,220.9791412353516,90.86591339111328,1817.4599609375,77.48875427246094,89.08349609375,35.25083541870117,72.10069274902344,65.09255981445311,46.0,149.52102661132812,33.81525421142578,20.95831871032715
2019-09-19,219.18370056152344,91.02220153808594,1821.5,77.66648864746094,88.67713165283203,34.82716751098633,72.06108093261719,64.19768524169922,46.45000076293945,151.04684448242188,33.971492767333984,20.850738525390625
2019-09-20,215.9796295166016,91.02220153808594,1794.1600341796875,78.04168701171875,88.01306915283203,34.54793930053711,72.09080505371094,64.16850280761719,46.38999938964844,147.41062927246094,34.440196990966804,20.69426155090332
2019-09-23,216.9616851806641,91.23711395263672,1785.300048828125,77.97256469726562,87.60670471191406,34.53830718994141,72.63544464111328,64.01287078857422,46.38999938964844,144.32923889160156,34.576904296875,20.7529411315918
2019-09-24,215.93003845214844,92.39955139160156,1741.6099853515625,78.55510711669922,88.0527114868164,33.960582733154304,73.12065887451172,62.75809860229492,45.77999877929688,141.93153381347656,33.2196044921875,20.831178665161133
2019-09-25,219.25311279296875,92.0478973388672,1768.3299560546875,79.24627685546875,88.15182495117188,34.27832794189453,72.70475769042969,63.71133804321289,45.33000183105469,145.68663024902344,34.21561050415039,20.537782669067386
2019-09-26,218.12228393554688,92.10650634765624,1739.8399658203125,79.36475372314453,89.00421142578125,33.854663848876946,73.91287231445312,63.20553970336914,43.13000106811523,143.82394409179688,34.391372680664055,20.459545135498047
2019-09-27,217.06089782714844,92.01858520507812,1725.449951171875,78.98955535888672,88.02297973632812,34.06650161743164,74.92294311523438,63.9934196472168,43.16999816894531,143.62579345703125,34.869842529296875,20.938756942749023
2019-09-30,222.1694793701172,91.52040100097656,1735.9100341796875,79.03892517089844,88.7762451171875,34.05686569213867,74.50701904296875,64.18795013427734,43.2599983215332,144.2301788330078,35.123729705810554,21.08545684814453
2019-10-01,222.7845001220703,91.06129455566406,1735.6500244140625,78.65385437011719,87.16069793701172,32.930309295654304,74.82390594482422,62.30093383789063,42.75,140.33634948730472,34.674549102783196,20.811620712280273
2019-10-02,217.19976806640625,89.99652099609375,1713.22998046875,77.75534057617188,85.5649642944336,32.25629425048828,74.12081909179688,61.50332641601562,42.72999954223633,139.48426818847656,33.99102020263672,20.06834983825684
2019-10-03,219.0447998046875,90.35796356201172,1724.4200439453125,77.50849914550781,86.33805084228516,32.188892364501946,74.40799713134766,61.6881332397461,43.22999954223633,140.40571594238278,34.244903564453125,20.04878807067871
2019-10-04,225.1850433349609,91.44225311279295,1739.6500244140625,78.5254898071289,88.23111724853516,32.506637573242195,75.30913543701172,62.16475296020508,43.56999969482422,141.683837890625,34.537841796875,20.391084671020508
2019-10-07,225.2346343994141,91.53993225097656,1732.6600341796875,77.94294738769531,87.77519226074219,32.679954528808594,75.30913543701172,62.28147888183594,43.81999969482422,140.78219604492188,33.30748748779297,20.645360946655273
2019-10-08,222.5960235595703,90.41656494140624,1705.510009765625,76.442138671875,85.99114990234375,31.37045478820801,74.9328384399414,60.62790298461914,42.7599983215332,137.11625671386722,32.389598846435554,19.823850631713867
2019-10-09,225.20489501953125,90.72915649414062,1721.989990234375,76.36314392089844,86.54618072509766,31.76523017883301,75.1803970336914,60.88080215454102,43.81999969482422,137.96833801269528,32.477481842041016,19.6575927734375
2019-10-10,228.2402801513672,90.46540832519531,1720.260009765625,75.87934112548828,86.69486236572266,32.51627349853516,74.89321899414062,62.11611938476562,44.09000015258789,140.05891418457028,33.00478363037109,19.39353370666504
2019-10-11,234.3110809326172,90.20165252685548,1731.9200439453125,76.07682037353516,87.2003402709961,33.199913024902344,73.39794158935547,63.57516098022461,44.27000045776367,144.200439453125,34.27419662475586,19.638032913208008
2019-10-14,233.97381591796875,89.89884185791016,1736.4300537109375,75.326416015625,87.40847778320312,33.27694320678711,72.96221923828125,63.4778938293457,43.900001525878906,145.4290313720703,34.381607055664055,19.892309188842773
2019-10-15,233.4282531738281,89.61556243896484,1767.3800048828125,74.84260559082031,87.73554992675781,33.816150665283196,72.09080505371094,65.17037963867189,45.209999084472656,148.57977294921875,35.57290267944336,20.22482681274414
2019-10-16,232.4858703613281,90.45564270019531,1777.4300537109375,74.76361083984375,88.02297973632812,33.82577896118164,72.27894592285156,63.70160675048828,45.540000915527344,149.38230895996094,35.69984817504883,20.34218406677246
2019-10-17,233.38856506347656,90.84638214111328,1787.47998046875,74.84260559082031,88.43926239013672,33.710235595703125,73.04144287109375,62.8261833190918,47.18000030517578,149.31295776367188,35.83655166625977,20.31284523010254
2019-10-18,234.50949096679688,91.95997619628906,1757.510009765625,75.65225219726562,88.75643157958984,34.00872802734375,73.17018127441406,63.66270065307617,46.88000106811523,148.5302276611328,35.70960998535156,20.195486068725586
2019-10-21,238.57650756835938,92.29210662841795,1785.6600341796875,75.69174194335938,89.5295181274414,34.259071350097656,72.9820327758789,63.72106552124024,45.77000045776367,150.640625,36.207611083984375,20.34218406677246
2019-10-22,238.03094482421875,91.9697494506836,1765.72998046875,76.07682037353516,88.88526916503906,34.60570907592773,73.45735168457031,64.08096313476561,48.75,153.206787109375,39.09797286987305,21.026779174804688
2019-10-23,241.2250518798828,92.25303649902344,1762.1700439453125,76.08668518066406,89.35110473632812,34.64422607421875,74.546630859375,63.97396087646485,48.38999938964844,154.5443572998047,38.62926483154297,20.928977966308594
2019-10-24,241.621826171875,93.50338745117188,1780.780029296875,76.5112533569336,90.4017105102539,34.259071350097656,75.01205444335938,62.89428329467773,47.63999938964844,152.6321258544922,37.838321685791016,21.00721740722656
2019-10-25,244.59771728515625,92.16511535644531,1761.3299560546875,75.62262725830078,88.65730285644531,34.51905059814453,74.16043090820312,63.79887771606445,48.22999954223633,156.6349334716797,38.46326065063477,21.36907386779785
2019-10-28,247.04786682128903,91.2078094482422,1777.0799560546875,74.88209533691406,88.90509033203125,34.82716751098633,73.87326049804688,64.62567138671875,48.599998474121094,156.94207763671875,39.40067672729492,21.682031631469727
2019-10-29,241.3341522216797,91.01243591308594,1762.7099609375,75.5140151977539,89.1429672241211,34.749366760253906,72.93251037597656,65.15092468261719,49.90999984741211,156.55567932128906,39.52761840820313,21.554893493652344
2019-10-30,241.3043975830078,91.92090606689452,1779.989990234375,76.6001205444336,90.46117401123048,34.525680541992195,74.67536926269531,64.70347595214844,54.040000915527344,154.4056396484375,39.18585586547852,21.61357307434082
2019-10-31,246.76019287109372,92.20419311523438,1776.6600341796875,76.7186050415039,90.41162109375,34.195011138916016,69.25865936279297,63.63351440429688,53.08000183105469,151.2549285888672,37.99455642700195,21.27127456665039
2019-11-01,253.7634429931641,91.3934097290039,1791.43994140625,76.38289642333984,90.7089614868164,35.060585021972656,68.10995483398439,65.77345275878906,52.13000106811523,155.0793914794922,38.40467834472656,21.466875076293945
2019-11-04,255.429931640625,90.65100860595705,1804.6600341796875,75.12893676757812,89.81694030761719,36.1303939819336,66.5057373046875,68.17598724365234,51.709999084472656,163.3227996826172,37.93596649169922,21.554893493652344
2019-11-05,255.06292724609372,89.28343963623047,1801.7099609375,74.01321411132812,89.1826171875,36.85980987548828,66.61466979980469,69.22650146484375,51.84000015258789,163.3327178955078,38.52185440063477,21.906967163085934
2019-11-06,255.1720123291016,89.8499984741211,1795.77001953125,74.60563659667969,90.8279037475586,36.64584732055664,66.85233306884766,68.42889404296875,50.83000183105469,161.66818237304688,37.63325881958008,21.867849349975586
2019-11-07,258.11700439453125,87.94038391113281,1788.199951171875,73.6873779296875,90.24313354492188,37.141849517822266,66.53545379638672,69.81984710693361,53.09000015258789,162.41128540039062,38.32655715942383,22.1710262298584
2019-11-08,258.82345581054693,87.67461395263672,1785.8800048828125,72.87773895263672,90.34224700927734,37.462791442871094,66.92165374755861,69.86848449707031,55.06000137329102,161.71771240234375,38.46326065063477,22.46442031860352
2019-11-11,260.87301635742193,87.37931823730469,1771.6500244140625,73.1541976928711,90.67922973632812,37.326637268066406,66.87213897705078,69.50857543945311,53.959999084472656,160.68728637695312,37.61373519897461,22.01454734802246
2019-11-12,260.6342163085937,87.1135482788086,1778.0,73.26280975341797,90.67922973632812,37.33636093139648,66.39681243896484,69.46967315673828,55.20000076293945,159.7361297607422,37.45750045776367,21.955867767333984
2019-11-13,263.13153076171875,88.45223999023438,1753.1099853515625,74.6253890991211,91.30364990234376,36.85980987548828,67.70395660400389,68.12736511230469,55.349998474121094,154.79205322265625,36.92044067382813,21.65269088745117
2019-11-14,261.310791015625,88.1963119506836,1754.5999755859375,75.5633773803711,91.4820556640625,36.53886413574219,67.58274078369139,67.66046905517578,54.6500015258789,155.2379150390625,36.783729553222656,21.740711212158203
2019-11-15,264.41500854492193,88.15694427490234,1739.489990234375,75.65225219726562,91.125244140625,36.95706176757813,66.92697906494139,68.04953765869139,57.56000137329102,156.87274169921875,37.08643341064453,21.83850860595703
2019-11-18,265.74822998046875,88.73770141601562,1752.530029296875,74.77349090576172,90.96665954589844,36.95706176757813,67.58274078369139,67.29084777832031,59.36000061035156,156.0998992919922,36.66655349731445,21.867849349975586
2019-11-19,264.9423217773437,89.24954986572266,1752.7900390625,74.49701690673828,91.61090087890624,36.98624038696289,68.45708465576172,67.553466796875,59.38999938964844,154.08859252929688,35.9927864074707,21.916748046875
2019-11-20,261.8580322265625,90.02717590332031,1745.530029296875,74.51676940917969,92.27496337890624,36.95706176757813,69.23207092285156,67.39783477783203,59.459999084472656,150.86849975585938,34.684310913085945,21.64291000366211
2019-11-21,260.68399047851557,89.6432876586914,1734.7099609375,74.24031066894531,91.28382873535156,37.06404495239258,68.51669311523439,67.17411804199219,59.68999862670898,150.68026733398438,34.92843246459961,21.760269165039066
2019-11-22,260.45513916015625,90.10592651367188,1745.719970703125,74.00334167480469,90.92700958251952,37.5308723449707,68.39746856689453,68.00090789794922,59.45000076293945,155.10911560058594,35.61196517944336,21.60379219055176
2019-11-25,265.0219116210937,89.46610260009766,1773.8399658203125,73.23319244384766,91.0558624267578,37.6767578125,68.34778594970703,68.58453369140625,61.16999816894531,158.07159423828125,36.25643539428711,21.779829025268555
2019-11-26,262.95242309570307,90.0665512084961,1796.93994140625,73.19369506835938,91.71001434326172,37.4336166381836,69.05322265625,68.38998413085939,60.02000045776367,160.0135498046875,36.29549026489258,21.81894874572754
2019-11-27,266.48446655273443,90.15513610839844,1818.510009765625,73.2430648803711,92.4731903076172,37.58922576904297,69.74871826171875,69.00278472900389,60.43999862670898,160.02345275878906,36.10020065307617,22.024328231811523
2019-11-29,265.8974609375,89.91889953613281,1800.800048828125,73.39117431640625,92.4434585571289,37.40443801879883,69.78846740722656,68.48725891113281,60.47000122070313,158.576904296875,35.52408218383789,22.137981414794922
2019-12-02,262.82308959960943,88.86566162109375,1781.5999755859375,72.74937438964844,91.41267395019531,37.2585563659668,69.36122894287111,68.18571472167969,60.18000030517578,156.5754852294922,35.445960998535156,21.94032287597656
2019-12-03,258.136962890625,89.45626068115234,1769.9599609375,72.87773895263672,90.54046630859376,36.72364807128906,68.67566680908203,67.06712341308594,60.06999969482422,149.7489013671875,35.065135955810554,22.019386291503906
2019-12-04,260.41534423828125,90.58824157714844,1760.68994140625,73.42079162597656,91.75957489013672,37.30718231201172,69.68910980224611,68.20517730712889,59.97999954223633,152.4537811279297,35.123729705810554,21.861257553100586
2019-12-05,264.23590087890625,91.01150512695312,1740.47998046875,74.14156341552734,92.5063934326172,37.5016975402832,69.29167938232422,68.63316345214844,60.02000045776367,152.52313232421875,35.03584671020508,22.019386291503906
2019-12-06,269.33993530273443,90.9426040649414,1751.5999755859375,74.24031066894531,93.35279083251952,37.95879364013672,69.79840850830078,69.42104339599611,60.97999954223633,155.8265380859375,36.04161071777344,22.2269287109375
2019-12-09,265.56912231445307,90.42091369628906,1749.510009765625,74.00334167480469,93.7510986328125,37.8809928894043,69.89775848388672,68.81797027587889,59.16999816894531,155.72702026367188,35.85608291625977,22.128097534179688
2019-12-10,267.12124633789057,90.4996566772461,1739.2099609375,74.13751983642578,93.48223876953124,38.25056076049805,68.90419006347656,68.00090789794922,59.61999893188477,156.21458435058594,36.31502151489258,22.128097534179688
2019-12-11,269.399658203125,90.70636749267578,1748.719970703125,74.4953384399414,94.03987121582031,38.065773010253906,68.95387268066406,67.8939208984375,58.63999938964844,158.2841796875,36.68608093261719,22.424591064453125
2019-12-12,270.08615112304693,89.71218872070312,1760.3299560546875,74.25679016113281,94.21910858154295,39.44680404663086,69.1029052734375,70.87955474853516,58.52000045776367,164.0651092529297,37.35008239746094,22.79026222229004
2019-12-13,273.75747680664057,90.6079330444336,1760.93994140625,74.56491088867188,94.0498275756836,39.01887893676758,69.54007720947266,70.64384460449219,57.709999084472656,164.84120178222656,36.83236312866211,22.76061248779297
2019-12-16,278.443603515625,91.57257843017578,1769.2099609375,75.30043029785156,94.6174087524414,39.18421173095703,68.47694396972656,70.56527709960938,60.02000045776367,163.27906799316406,36.3984603881836,22.622249603271484
2019-12-17,278.99087524414057,91.75960540771484,1790.6600341796875,75.15133666992188,95.26465606689452,39.417625427246094,68.29810333251953,71.4590072631836,58.93999862670898,162.4134063720703,36.9112548828125,22.286226272583008
2019-12-18,278.32424926757807,92.28130340576172,1784.030029296875,75.56878662109375,94.02991485595705,39.29119491577149,68.1689453125,70.85991668701172,60.349998474121094,146.12530517578125,37.28599166870117,22.236812591552734
2019-12-19,278.60281372070307,92.49785614013672,1792.280029296875,74.99230194091797,94.90618133544922,39.20366668701172,69.04328918457031,70.28046417236328,61.86999893188477,146.28451538085938,36.84222412109375,22.523420333862305
2019-12-20,278.0257568359375,93.4132843017578,1786.5,76.10550689697266,95.01571655273438,39.4273567199707,69.79840850830078,70.52599334716797,61.93000030517578,147.37899780273438,36.9112548828125,22.770496368408203
2019-12-23,282.56268310546875,92.28130340576172,1793.0,75.18115234375,93.86063385009766,39.33009719848633,69.69904327392578,70.3983154296875,62.9000015258789,150.93115234375,37.39445877075195,22.76061248779297
2019-12-24,282.831298828125,92.36988830566406,1789.2099609375,75.29048156738281,94.15935516357422,39.39817428588867,69.89775848388672,70.50634765625,63.22999954223633,150.02569580078125,37.36487579345703,22.75073051452637
2019-12-26,288.4427795410156,92.40925598144531,1868.77001953125,75.18115234375,94.14940643310548,39.63158798217773,69.91763305664061,70.54563903808594,63.4000015258789,151.72714233398438,37.31557083129883,22.869325637817386
2019-12-27,288.33331298828125,92.71440887451172,1869.800048828125,75.83715057373047,94.34855651855469,39.36899948120117,70.24551391601561,69.96617889404297,63.6500015258789,151.76693725585938,37.23667907714844,22.79026222229004
2019-12-30,290.04461669921875,92.55691528320312,1846.8900146484373,76.09556579589844,94.4979248046875,39.32037353515625,69.89775848388672,70.12332153320311,63.040000915527344,149.38890075683594,37.02958679199219,22.810028076171875
2019-12-31,292.163818359375,93.0293960571289,1847.8399658203125,76.33412170410156,94.82652282714844,39.49543380737305,69.89775848388672,70.4670639038086,62.86999893188477,150.45355224609375,36.67457580566406,22.82979393005371
2020-01-02,298.8299560546875,91.99584197998048,1898.010009765625,75.58866882324219,95.10533905029295,39.63158798217773,69.57981872558594,70.4670639038086,61.88000106811523,154.3240966796875,36.57596206665039,22.444355010986328
2020-01-03,295.9247131347656,91.8974151611328,1874.969970703125,75.61848449707031,94.90618133544922,38.81464385986328,69.81826782226561,69.39656066894531,61.15999984741211,152.41368103027344,35.77719116210937,22.464120864868164
2020-01-06,298.28271484375,92.20255279541016,1902.8800048828125,75.68805694580078,95.34432220458984,38.61040878295898,70.08654022216797,68.38497161865234,63.02999877929688,152.53309631347656,36.04344940185547,22.66178321838379
2020-01-07,296.8798828125,92.22224426269531,1906.8599853515625,75.96636199951172,94.31868743896484,38.36726760864258,69.41091156005861,67.93319702148439,63.02999877929688,154.0255889892578,35.52079391479492,22.711196899414066
2020-01-08,301.6555480957031,91.9466323852539,1891.969970703125,75.83715057373047,94.44812774658205,38.668758392333984,68.78496551513672,68.43408203125,64.37000274658203,156.34393310546875,36.02372741699219,22.770496368408203
2020-01-09,308.06298828125,92.40925598144531,1901.050048828125,76.1253890991211,95.37419128417969,38.92162322998047,69.30161285400389,68.58139801025389,64.16000366210939,157.2593231201172,35.757469177246094,22.88909149169922
2020-01-10,308.7593994140625,92.862060546875,1883.1600341796875,76.5428466796875,95.03563690185548,38.43534851074219,69.64936828613281,67.19660949707031,64.48000335693361,155.846435546875,34.357147216796875,22.84956169128418
2020-01-13,315.3558654785156,93.1475067138672,1891.300048828125,77.1590805053711,94.96593475341795,38.766014099121094,70.36473846435547,67.52070617675781,63.4000015258789,158.48316955566406,34.87980270385742,23.086753845214844
2020-01-14,311.0975341796875,93.49203491210938,1869.43994140625,77.13920593261719,94.6871109008789,38.91189956665039,70.71248626708984,67.71712493896484,63.16999816894531,161.3189239501953,35.14606094360352,23.353593826293945
2020-01-15,309.7643127441406,95.08665466308594,1862.02001953125,77.72561645507812,95.40406036376952,37.9101676940918,71.37818145751953,65.78235626220703,64.51999664306639,158.35382080078125,35.01786422729492,23.52160453796387
2020-01-16,313.6445617675781,95.78553009033205,1877.93994140625,78.7294921875,95.64305114746094,38.50342559814453,71.21920776367188,67.01982116699219,65.12999725341797,158.7418670654297,35.26439666748047,23.46230697631836
2020-01-17,317.116943359375,97.01594543457031,1864.719970703125,79.26622009277344,96.04135131835938,39.748294830322266,71.53715515136719,67.49124145507811,64.54000091552734,159.17967224121094,35.224952697753906,23.867511749267575
2020-01-21,314.9678649902344,97.78372192382812,1892.0,79.54451751708984,95.78245544433594,38.98970413208008,72.033935546875,65.12433624267578,65.48999786376953,156.74192810058594,34.682571411132805,23.76868057250977
2020-01-22,316.0921630859375,98.43338775634766,1887.4599609375,79.42525482177734,95.86211395263672,39.04805755615234,71.75574493408203,65.21273040771484,66.76000213623047,154.76187133789062,34.682571411132805,23.42277717590332
2020-01-23,317.6144104003906,99.38819122314452,1884.5799560546875,79.8128890991211,96.57906341552734,38.766014099121094,70.52371215820312,64.81005859375,68.01999664306639,154.10519409179688,34.76146697998047,23.2646484375
2020-01-24,316.69903564453125,100.55955505371094,1861.6400146484373,79.90233612060547,96.44961547851562,38.056053161621094,70.8515853881836,63.57258987426758,66.61000061035156,153.2992401123047,34.74174118041992,23.13616752624512
2020-01-27,307.38641357421875,100.1855010986328,1828.3399658203125,79.62403869628906,95.78245544433594,37.05431747436523,71.91470336914062,61.59852981567383,63.41999816894531,147.74716186523438,34.357147216796875,22.88909149169922
2020-01-28,316.0821838378906,100.58908081054688,1853.25,79.832763671875,97.9532241821289,37.34910202026367,71.55702209472656,62.02083969116211,65.25,147.6575927734375,33.321701049804695,22.95827293395996
2020-01-29,322.6985168457031,101.1993637084961,1858.0,80.52851104736328,98.40131378173828,36.96588134765625,72.23265075683594,60.87175750732422,65.19999694824219,147.31930541992188,33.35128402709961,22.75073051452637
2020-01-30,322.23089599609375,102.46915435791016,1870.6800537109373,81.40318298339844,99.77545928955078,37.2508430480957,72.31214141845703,61.36281967163086,63.52000045776367,147.51829528808594,33.50906753540039,22.928625106811523
2020-01-31,307.943603515625,102.5872802734375,2008.719970703125,81.5522689819336,102.13542175292969,36.63179397583008,73.74288177490234,60.06642150878906,62.81000137329102,143.91641235351562,32.93710708618164,22.434473037719727
2020-02-03,307.097900390625,102.5872802734375,2004.199951171875,82.12874603271484,103.81826782226562,37.02484130859375,74.62715911865234,60.89140319824219,62.88000106811523,143.1204071044922,33.627403259277344,22.513538360595703
2020-02-04,317.2362976074219,101.2584228515625,2049.669921875,81.77092742919922,104.2563934326172,37.62423706054688,74.25953674316406,61.77531051635742,61.97000122070313,146.7720489501953,33.814773559570305,22.60248565673828
2020-02-05,319.82318115234375,100.52017211914062,2039.8699951171875,82.1784439086914,104.6347885131836,38.823020935058594,73.78263092041016,63.28777694702149,66.06999969482422,149.19984436035156,34.8502197265625,23.24488067626953
2020-02-06,323.5641174316406,100.64813995361328,2050.22998046875,82.66547393798828,104.67462158203124,38.04676055908203,73.48455047607422,62.1386947631836,64.34999847412111,147.88645935058594,34.02185821533203,22.938507080078125
2020-02-07,319.166015625,100.43999481201172,2079.280029296875,83.09286499023438,104.48542785644531,37.75197219848633,74.01114654541016,60.9503288269043,63.15999984741211,154.88128662109375,33.40059280395508,22.75073051452637
2020-02-10,320.6819152832031,101.0148468017578,2133.909912109375,83.47056579589844,106.32758331298828,37.82075881958008,75.06433868408203,60.23338317871094,63.0,155.9956817626953,33.459762573242195,22.88909149169922
2020-02-11,318.74713134765625,101.31218719482422,2150.800048828125,83.75879669189453,106.94496154785156,38.3218879699707,74.29928588867188,61.11729049682617,63.709999084472656,157.20957946777344,33.70629501342773,22.9780387878418
2020-02-12,326.3166809082031,100.8860092163086,2160.0,84.0569839477539,106.19813537597656,38.20397567749024,75.19349670410156,61.58870697021485,66.48999786376953,157.71702575683594,34.209228515625,24.687803268432614
2020-02-13,323.9929504394531,101.93659210205078,2149.8701171875,85.22982025146484,107.74156951904295,38.27275848388672,75.47258758544922,61.84405899047852,65.88999938964844,160.66221618652344,34.08103179931641,24.76686668395996
2020-02-14,324.07275390625,102.83850860595705,2134.8701171875,86.26351165771484,108.697509765625,37.99762725830078,76.18025970458984,61.63780975341797,64.94000244140625,157.82647705078125,33.883804321289055,24.183767318725586
2020-02-18,318.1387939453125,103.40345001220705,2155.669921875,86.2237548828125,108.05025482177734,37.29997253417969,75.90117645263672,60.85211563110352,66.70999908447266,157.7767333984375,34.09088897705078,24.5692081451416
2020-02-19,322.746337890625,102.58081817626952,2170.219970703125,85.3590316772461,108.3191146850586,37.683189392089844,75.53238677978516,61.84405899047852,67.37000274658203,160.3338623046875,34.37686920166016,24.69768524169922
2020-02-20,319.4352722167969,101.47076416015624,2153.10009765625,85.14037322998047,107.7116928100586,38.105712890625,76.06065368652344,62.29583358764648,65.73000335693361,164.0850067138672,35.37287521362305,24.63838768005371
2020-02-21,312.2048645019531,100.80671691894531,2095.969970703125,84.82230377197266,107.37313842773438,36.95605850219727,76.35967254638672,61.36281967163086,65.48999786376953,162.43331909179688,34.70229339599609,24.124469757080078
2020-02-24,297.375,99.15155029296876,2009.2900390625,84.30546569824219,105.76000213623048,35.43301010131836,75.26326751708984,58.71109390258789,59.349998474121094,154.07534790039062,33.65699005126953,23.67973327636719
2020-02-25,287.3022766113281,97.29815673828124,1972.739990234375,83.05310821533203,103.42991638183594,33.841175079345696,74.5157241821289,55.7745590209961,55.95000076293945,144.87161254882812,32.30597305297852,22.879209518432614
2020-02-26,291.85992431640625,96.56472778320312,1979.5899658203125,84.69309997558594,103.40003967285156,33.10421371459961,74.18679809570312,54.74333572387695,54.38999938964844,143.8069610595703,31.3198356628418,22.721080780029297
2020-02-27,272.78158569335943,91.04419708251952,1884.300048828125,81.07518005371094,98.66020965576172,31.87594985961914,71.62519836425781,52.25857162475586,52.61999893188477,138.06582641601562,30.73801231384277,21.545000076293945
2020-02-28,272.6220092773437,88.46728515625,1883.75,78.52076721191406,97.07694244384766,31.13899230957031,69.29283905029297,51.69876480102539,53.02000045776367,140.46377563476562,30.047712326049805,21.36000061035156
2020-03-02,298.0032958984375,94.2455062866211,1953.949951171875,83.90789031982422,103.07144165039062,32.740650177001946,74.7150650024414,54.03620910644531,55.43999862670898,139.05087280273438,30.629535675048828,21.790000915527344
2020-03-03,288.5389404296875,94.60231018066406,1908.989990234375,82.6555404663086,100.26338958740234,30.608381271362305,72.82127380371094,50.08808898925781,54.02999877929688,132.4241943359375,28.84461975097656,21.209999084472656
2020-03-04,301.9226989746094,98.93350219726562,1975.8299560546875,86.54181671142578,105.76000213623048,31.15864372253418,76.22013092041016,49.48899459838867,62.459999084472656,135.72758483886722,30.06354713439941,21.559999465942386
2020-03-05,292.12921142578125,97.91265106201172,1924.030029296875,85.52800750732422,102.11000061035156,29.252376556396484,74.78483581542969,45.88461685180664,59.72000122070313,129.27999877929688,27.77556037902832,20.709999084472656
2020-03-06,288.2497253417969,96.83232879638672,1901.0899658203125,84.83224487304688,100.83999633789062,27.493497848510746,74.43598175048828,44.00876998901367,58.56000137329102,127.68000030517578,26.166976928710934,20.040000915527344
2020-03-09,265.45144653320307,94.11666107177734,1800.6099853515625,81.10499572753906,94.13999938964844,22.364261627197266,70.50885009765625,35.34647750854492,55.36000061035156,115.6999969482422,23.509315490722656,18.229999542236328
2020-03-10,284.5696716308594,93.87879180908205,1891.8199462890625,82.58999633789062,97.55999755859376,24.96818542480469,72.53221893310547,39.520484924316406,60.36999893188477,120.66999816894531,25.257776260375977,18.84000015258789
2020-03-11,274.68643188476557,88.92320251464844,1820.8599853515625,80.87000274658203,94.9800033569336,22.93417739868164,68.18647003173828,37.349998474121094,57.95000076293945,111.01000213623048,23.049718856811523,18.010000228881836
2020-03-12,247.5598602294922,81.80696868896484,1676.6099853515625,72.4000015258789,86.16999816894531,20.880516052246094,63.20280456542969,34.950000762939446,57.13000106811523,97.0,20.34210205078125,15.260000228881836
2020-03-13,277.21957397460943,85.70206451416016,1785.0,76.1500015258789,90.05999755859375,23.248613357543945,63.08319854736328,38.66999816894531,63.56999969482422,106.62999725341795,23.699146270751953,17.110000610351562
2020-03-16,241.55612182617188,80.93478393554688,1689.1500244140625,65.94999694824219,79.8499984741211,18.18815803527832,60.2325439453125,31.45000076293945,54.02999877929688,90.48999786376952,20.60187339782715,15.170000076293945
2020-03-17,252.1773681640625,90.39005279541016,1807.8399658203125,77.69000244140625,85.45999908447266,18.777727127075195,68.46555328369139,34.400001525878906,57.9900016784668,94.95999908447266,22.76996612548828,15.470000267028807
2020-03-18,246.0040740966797,87.49598693847656,1830.0,76.1500015258789,72.44000244140625,15.053624153137207,69.15329742431639,27.420000076293945,52.68000030517578,99.68000030517578,20.142276763916016,14.699999809265135
2020-03-19,244.1191711425781,80.09232330322266,1880.9300537109373,71.87999725341797,68.55000305175781,17.067981719970707,66.4820556640625,28.95000076293945,53.599998474121094,111.68000030517578,18.67357063293457,14.100000381469727
2020-03-20,228.6211395263672,70.8154525756836,1846.0899658203125,62.93000030517578,71.58000183105469,17.21537208557129,65.53516387939453,28.93000030517578,48.849998474121094,111.05999755859376,16.205739974975586,12.520000457763672
2020-03-23,223.76426696777344,69.37833404541016,1902.8299560546875,61.36999893188477,68.23999786376953,15.594060897827148,60.671104431152344,27.34000015258789,45.54999923706055,111.76000213623048,15.32651424407959,12.880000114440918
2020-03-24,246.2135162353516,71.41012573242188,1940.0999755859373,65.29000091552734,77.2699966430664,17.490503311157227,62.54496383666992,30.5,48.72999954223633,120.04000091552734,19.462875366210934,14.770000457763672
2020-03-25,244.857177734375,72.63911437988281,1885.8399658203125,67.54000091552734,77.20999908447266,17.402067184448242,60.10296630859375,33.06999969482422,52.290000915527344,118.30999755859376,20.54192543029785,15.050000190734865
2020-03-26,257.7423095703125,81.07353973388672,1955.489990234375,72.79000091552734,80.77999877929688,20.359731674194336,62.69447326660156,33.990001678466804,58.29999923706055,125.5999984741211,20.73175811767578,16.639999389648438
2020-03-27,247.07118225097656,82.6593246459961,1900.0999755859373,74.23999786376953,80.16999816894531,19.612945556640625,61.76751327514648,32.86999893188477,55.099998474121094,120.58000183105469,17.784351348876953,15.210000038146973
2020-03-30,254.1221008300781,82.9665756225586,1963.949951171875,78.16999816894531,83.22000122070312,19.30833625793457,64.59822845458984,31.03000068664551,57.709999084472656,124.30999755859376,17.904247283935547,16.200000762939453
2020-03-31,253.6035003662109,79.26970672607422,1949.719970703125,72.83000183105469,81.51000213623047,18.482940673828125,63.97029113769531,29.34000015258789,59.40999984741211,121.26000213623048,18.91335868835449,16.190000534057614
2020-04-01,240.25962829589844,73.90774536132812,1907.699951171875,67.73000335693361,77.0,16.999197006225586,63.591529846191406,27.170000076293945,56.11999893188477,113.4800033569336,17.27480125427246,14.539999961853027
2020-04-02,244.26876831054688,76.1080322265625,1918.8299560546875,71.66999816894531,78.76000213623047,17.117111206054688,66.05345916748047,27.790000915527344,56.36000061035156,116.63999938964844,16.085845947265625,14.369999885559082
2020-04-03,240.75827026367188,71.85613250732422,1906.5899658203125,68.75,76.26000213623047,16.645456314086914,67.428955078125,27.34000015258789,54.599998474121094,109.22000122070312,15.026778221130373,13.579999923706055
2020-04-06,261.76141357421875,77.89204406738281,1997.5899658203125,74.29000091552734,82.20999908447266,18.46329116821289,68.63500213623047,28.989999771118164,60.11999893188477,119.0199966430664,16.71529197692871,15.020000457763672
2020-04-07,258.7296142578125,78.05062103271484,2011.5999755859373,71.52999877929688,82.27999877929688,19.1904239654541,66.79104614257811,30.68000030517578,60.1500015258789,115.9499969482422,17.904247283935547,15.390000343322756
2020-04-08,265.35171508789057,82.56021881103516,2043.0,76.01000213623047,85.04000091552734,20.173036575317386,68.38581848144531,33.02000045776367,65.15000152587889,125.54000091552734,18.83342933654785,15.899999618530273
2020-04-09,267.26651000976557,85.5434799194336,2042.760009765625,79.0,86.83999633789062,21.72556495666504,68.16653442382811,34.75,66.41999816894531,122.29000091552734,21.11142349243164,16.280000686645508
2020-04-13,272.5123291015625,82.75843811035156,2168.8701171875,75.81999969482422,83.56999969482422,20.82155990600586,67.87747955322266,32.779998779296875,65.15000152587889,123.52999877929688,19.21309471130371,16.040000915527347
2020-04-14,286.2750549316406,85.48401641845703,2283.320068359375,77.16999816894531,86.54000091552734,19.976512908935547,71.90428161621094,30.88999938964844,66.40000152587889,125.08000183105469,19.332988739013672,16.049999237060547
2020-04-15,283.6621398925781,82.86746215820312,2307.679931640625,75.5,83.6500015258789,18.256940841674805,71.76473999023438,28.1200008392334,69.01999664306639,119.9000015258789,18.41379737854004,14.699999809265135
2020-04-16,285.9160461425781,83.30355834960938,2408.18994140625,77.26000213623047,80.79000091552734,16.891109466552734,72.41261291503906,26.04999923706055,72.8499984741211,119.08000183105469,18.3338680267334,14.529999732971193
2020-04-17,282.0365295410156,85.61286163330078,2375.0,77.83000183105469,83.5999984741211,19.524511337280273,73.30967712402344,30.0,71.29000091552734,124.8499984741211,19.332988739013672,15.0600004196167
2020-04-20,276.182373046875,82.1736831665039,2393.610107421875,73.23999786376953,80.77999877929688,19.94703483581543,72.43254852294922,29.6200008392334,68.41999816894531,122.63999938964844,18.513710021972656,14.720000267028807
2020-04-21,267.64547729492193,81.73758697509766,2328.1201171875,74.0199966430664,77.54000091552734,18.95459747314453,70.31948089599611,29.43000030517578,66.23999786376953,120.4800033569336,17.72440528869629,14.029999732971193
2020-04-22,275.3546142578125,84.2451171875,2363.489990234375,76.77999877929688,77.58999633789062,19.239553451538086,71.17666625976562,30.45000076293945,68.34999847412111,118.54000091552734,18.263931274414066,14.039999961853027
2020-04-23,274.28750610351557,82.28269958496094,2399.449951171875,74.19000244140625,74.81999969482422,19.89790344238281,70.42912292480469,31.60000038146973,69.23999786376953,120.87999725341795,18.52370262145996,14.699999809265135
2020-04-24,282.2060852050781,82.49083709716797,2410.219970703125,73.63999938964844,75.27999877929688,20.241819381713867,71.11685943603516,32.130001068115234,70.58000183105469,123.05999755859376,18.653587341308594,14.739999771118164
2020-04-27,282.4055480957031,82.87737274169922,2376.0,73.41999816894531,77.37999725341797,22.03999900817871,71.2464370727539,34.509998321533196,70.81999969482422,127.29000091552734,18.923349380493164,15.729999542236328
2020-04-28,277.82791137695307,83.87840270996094,2314.080078125,74.25,77.22000122070312,22.290000915527344,69.19316864013672,35.20000076293945,67.16999816894531,127.73999786376952,21.800817489624023,16.549999237060547
2020-04-29,286.9532470703125,82.3917236328125,2372.7099609375,74.62000274658203,79.66999816894531,23.32999992370605,68.14659881591797,37.47999954223633,66.16999816894531,129.47999572753906,24.338584899902344,18.010000228881836
2020-04-30,293.0068359375,82.37190246582031,2474.0,72.75,78.5,22.38999938964844,69.76130676269531,34.860000610351555,66.58000183105469,126.7699966430664,21.81080818176269,16.979999542236328
2020-05-01,288.28961181640625,,2286.0400390625,,,,,,,,,
2020-05-04,292.3685607910156,,2315.989990234375,,,,,,,,,
2020-05-05,296.7566833496094,,2317.800048828125,,,,,,,,,
2020-05-06,299.8183898925781,,2351.260009765625,,,,,,,,,
2020-05-07,302.91998291015625,,2367.610107421875,,,,,,,,,
2020-05-08,310.1300048828125,,2379.610107421875,,,,,,,,,
2020-05-11,315.010009765625,,2409.0,,,,,,,,,
2020-05-12,311.4100036621094,,2356.949951171875,,,,,,,,,
2020-05-13,307.6499938964844,,2367.919921875,,,,,,,,,
2020-05-14,309.5400085449219,,2388.85009765625,,,,,,,,,
2020-05-15,307.7099914550781,,2409.780029296875,,,,,,,,,
2020-05-18,314.9599914550781,,2426.260009765625,,,,,,,,,
2020-05-19,313.1400146484375,,2449.330078125,,,,,,,,,
2020-05-20,319.2300109863281,,2497.93994140625,,,,,,,,,
2020-05-21,316.8500061035156,,2446.739990234375,,,,,,,,,
2020-05-22,318.8900146484375,,2436.8798828125,,,,,,,,,
2020-05-26,316.7300109863281,,2421.860107421875,,,,,,,,,
